{
  "5208-30": 68195.65,
  "5147-30": 64292.43000000001,
  "5176-30": 18219.75,
  "5129-30": 72651.62,
  "5211-30": 44328.200000000004,
  "5209-30": 75311.88,
  "5227-30": 16470.0,
  "5240-30": 80822.21359999999,
  "5208-33": 59786.72,
  "5124-33": 47688.04,
  "5147-33": 18906.3,
  "5176-33": 14700.0,
  "5145-33": 43269.22,
  "5166-33": 17223.52,
  "5175-33": 2625.0,
  "5211-33": 13928.64,
  "5209-33": 29631.559999999998,
  "5227-33": 16652.27,
  "5240-33": 93416.45999999999,
  "5222-33": 57799.75,
  "5222-30": 119604.81,
  "5245-30": 182780.64,
  "5245-33": 131619.66,
  "5213-30": 148781.16,
  "2130-33": 3502.3,
  "2103-30": 19353.41,
  "1060-30": 0,
  "3002-30": 24132.72,
  "2025-30": 2961.54,
  "2126-30": 72648.475,
  "4007-30": 18101.34,
  "2060-30": 63826.950000000004,
  "2094-30": 0
}